Mês/Ano,Região Origem,Região Destino,Vendas de Biodiesel
01/2017,CENTRO OESTE,CENTRO OESTE,"35379,798"
01/2017,NORDESTE,NÃO INFORMADA,"89,316"
01/2017,SUL,NÃO INFORMADA,"130,007"
01/2017,CENTRO OESTE,NORDESTE,"35581,131"
01/2017,NORDESTE,NORDESTE,"20324,386"
01/2017,SUDESTE,NORDESTE,"6201,199"
01/2017,SUL,NORDESTE,"294,226"
01/2017,CENTRO OESTE,NORTE,"7783,813"
01/2017,CENTRO OESTE,SUDESTE,"26634,568"
01/2017,NORDESTE,SUDESTE,"421,146"
01/2017,SUDESTE,SUDESTE,"17851,154"
01/2017,SUL,SUDESTE,"47590,706"
01/2017,CENTRO OESTE,SUL,"788,323"
01/2017,SUL,SUL,"56343,163"
02/2017,CENTRO OESTE,CENTRO OESTE,"36462,762"
02/2017,NORDESTE,NÃO INFORMADA,"90,217"
02/2017,SUL,NÃO INFORMADA,"43,692"
02/2017,CENTRO OESTE,NORDESTE,"29108,305"
02/2017,NORDESTE,NORDESTE,"17420,720"
02/2017,SUDESTE,NORDESTE,"5644,683"
02/2017,CENTRO OESTE,NORTE,"7517,155"
02/2017,CENTRO OESTE,SUDESTE,"33193,515"
02/2017,NORDESTE,SUDESTE,"376,376"
02/2017,SUDESTE,SUDESTE,"17106,630"
02/2017,SUL,SUDESTE,"43243,424"
02/2017,CENTRO OESTE,SUL,"1282,700"
02/2017,SUDESTE,SUL,"330,473"
02/2017,SUL,SUL,"60460,779"
03/2017,CENTRO OESTE,CENTRO OESTE,"47977,564"
03/2017,CENTRO OESTE,NORDESTE,"30677,454"
03/2017,NORDESTE,NORDESTE,"22022,344"
03/2017,SUDESTE,NORDESTE,"7152,376"
03/2017,CENTRO OESTE,NORTE,"16297,171"
03/2017,NORTE,NORTE,"338,709"
03/2017,CENTRO OESTE,SUDESTE,"44342,871"
03/2017,SUDESTE,SUDESTE,"12200,482"
03/2017,SUL,SUDESTE,"62465,777"
03/2017,CENTRO OESTE,SUL,"1727,971"
03/2017,SUDESTE,SUL,"41,747"
03/2017,SUL,SUL,"91680,449"
04/2017,CENTRO OESTE,CENTRO OESTE,"38300,118"
04/2017,CENTRO OESTE,NORDESTE,"36534,061"
04/2017,NORDESTE,NORDESTE,"21340,755"
04/2017,SUDESTE,NORDESTE,"6175,147"
04/2017,SUL,NORDESTE,"43,771"
04/2017,CENTRO OESTE,NORTE,"10159,929"
04/2017,CENTRO OESTE,SUDESTE,"47759,974"
04/2017,SUDESTE,SUDESTE,"11904,550"
04/2017,SUL,SUDESTE,"59909,058"
04/2017,CENTRO OESTE,SUL,"1017,901"
04/2017,SUL,SUL,"82174,767"
05/2017,CENTRO OESTE,CENTRO OESTE,"44267,748"
05/2017,NORTE,CENTRO OESTE,"180,896"
05/2017,CENTRO OESTE,NORDESTE,"44247,632"
05/2017,NORDESTE,NORDESTE,"21487,045"
05/2017,SUDESTE,NORDESTE,"7309,316"
05/2017,CENTRO OESTE,NORTE,"13283,663"
05/2017,CENTRO OESTE,SUDESTE,"47427,671"
05/2017,SUDESTE,SUDESTE,"17489,982"
05/2017,SUL,SUDESTE,"71279,266"
05/2017,CENTRO OESTE,SUL,"1726,351"
05/2017,SUL,SUL,"85200,741"
06/2017,CENTRO OESTE,CENTRO OESTE,"47409,387"
06/2017,NORTE,CENTRO OESTE,"172,695"
06/2017,SUDESTE,CENTRO OESTE,"285,398"
06/2017,CENTRO OESTE,NORDESTE,"38902,653"
06/2017,NORDESTE,NORDESTE,"21000,138"
06/2017,NORTE,NORDESTE,"197,655"
06/2017,SUDESTE,NORDESTE,"8153,167"
06/2017,SUL,NORDESTE,"34,867"
06/2017,CENTRO OESTE,NORTE,"16653,428"
06/2017,CENTRO OESTE,SUDESTE,"43962,826"
06/2017,SUDESTE,SUDESTE,"17737,724"
06/2017,SUL,SUDESTE,"66476,109"
06/2017,CENTRO OESTE,SUL,"3482,776"
06/2017,SUL,SUL,"82063,809"
07/2017,CENTRO OESTE,CENTRO OESTE,"46475,576"
07/2017,SUDESTE,CENTRO OESTE,"33,295"
07/2017,CENTRO OESTE,NORDESTE,"37062,079"
07/2017,NORDESTE,NORDESTE,"25147,059"
07/2017,NORTE,NORDESTE,"386,441"
07/2017,SUDESTE,NORDESTE,"5844,711"
07/2017,CENTRO OESTE,NORTE,"17304,463"
07/2017,CENTRO OESTE,SUDESTE,"49335,365"
07/2017,NORDESTE,SUDESTE,"42,639"
07/2017,SUDESTE,SUDESTE,"23890,019"
07/2017,SUL,SUDESTE,"60895,846"
07/2017,CENTRO OESTE,SUL,"1539,801"
07/2017,SUDESTE,SUL,"44,366"
07/2017,SUL,SUL,"88573,861"
08/2017,CENTRO OESTE,CENTRO OESTE,"48724,542"
08/2017,CENTRO OESTE,NORDESTE,"40601,593"
08/2017,NORDESTE,NORDESTE,"28537,574"
08/2017,SUDESTE,NORDESTE,"959,951"
08/2017,CENTRO OESTE,NORTE,"19115,750"
08/2017,NORTE,NORTE,"44,757"
08/2017,CENTRO OESTE,SUDESTE,"53845,332"
08/2017,NORDESTE,SUDESTE,"430,530"
08/2017,SUDESTE,SUDESTE,"31926,660"
08/2017,SUL,SUDESTE,"68200,533"
08/2017,CENTRO OESTE,SUL,"1560,342"
08/2017,SUDESTE,SUL,"41,937"
08/2017,SUL,SUL,"90327,369"
09/2017,CENTRO OESTE,CENTRO OESTE,"41975,783"
09/2017,CENTRO OESTE,NORDESTE,"44603,717"
09/2017,NORDESTE,NORDESTE,"27720,935"
09/2017,NORTE,NORDESTE,"620,065"
09/2017,CENTRO OESTE,NORTE,"18195,074"
09/2017,NORTE,NORTE,"178,232"
09/2017,CENTRO OESTE,SUDESTE,"43426,464"
09/2017,NORDESTE,SUDESTE,"87,358"
09/2017,SUDESTE,SUDESTE,"37307,081"
09/2017,SUL,SUDESTE,"69779,526"
09/2017,CENTRO OESTE,SUL,"982,829"
09/2017,SUL,SUL,"97717,090"
10/2017,CENTRO OESTE,CENTRO OESTE,"46218,977"
10/2017,SUDESTE,CENTRO OESTE,"85,462"
10/2017,SUL,CENTRO OESTE,"372,829"
10/2017,CENTRO OESTE,NORDESTE,"45655,589"
10/2017,NORDESTE,NORDESTE,"29744,542"
10/2017,NORTE,NORDESTE,"577,895"
10/2017,SUDESTE,NORDESTE,"117,990"
10/2017,CENTRO OESTE,NORTE,"20670,484"
10/2017,NORTE,NORTE,"251,303"
10/2017,CENTRO OESTE,SUDESTE,"39428,639"
10/2017,SUDESTE,SUDESTE,"37836,925"
10/2017,SUL,SUDESTE,"68162,810"
10/2017,CENTRO OESTE,SUL,"497,618"
10/2017,SUDESTE,SUL,"43,859"
10/2017,SUL,SUL,"97549,127"
11/2017,CENTRO OESTE,CENTRO OESTE,"40007,313"
11/2017,SUDESTE,CENTRO OESTE,"57,218"
11/2017,CENTRO OESTE,NORDESTE,"45166,694"
11/2017,NORDESTE,NORDESTE,"28584,581"
11/2017,NORTE,NORDESTE,"302,077"
11/2017,SUDESTE,NORDESTE,"80,631"
11/2017,SUL,NORDESTE,"392,744"
11/2017,CENTRO OESTE,NORTE,"19643,465"
11/2017,NORTE,NORTE,"686,169"
11/2017,CENTRO OESTE,SUDESTE,"40149,268"
11/2017,NORDESTE,SUDESTE,"671,829"
11/2017,SUDESTE,SUDESTE,"29097,749"
11/2017,SUL,SUDESTE,"69702,383"
11/2017,CENTRO OESTE,SUL,"1117,591"
11/2017,SUL,SUL,"87912,201"
12/2017,CENTRO OESTE,CENTRO OESTE,"35869,783"
12/2017,CENTRO OESTE,NORDESTE,"50686,918"
12/2017,NORDESTE,NORDESTE,"26171,292"
12/2017,NORTE,NORDESTE,"296,957"
12/2017,SUDESTE,NORDESTE,"83,615"
12/2017,SUL,NORDESTE,"315,432"
12/2017,CENTRO OESTE,NORTE,"16400,669"
12/2017,NORTE,NORTE,"665,821"
12/2017,CENTRO OESTE,SUDESTE,"35966,700"
12/2017,SUDESTE,SUDESTE,"28945,644"
12/2017,SUL,SUDESTE,"63108,565"
12/2017,SUL,SUL,"83599,129"
01/2018,CENTRO OESTE,CENTRO OESTE,"33992,648"
01/2018,CENTRO OESTE,NORDESTE,"26378,913"
01/2018,NORDESTE,NORDESTE,"28595,409"
01/2018,SUDESTE,NORDESTE,"910,180"
01/2018,CENTRO OESTE,NORTE,"27650,215"
01/2018,NORTE,NORTE,"387,770"
01/2018,CENTRO OESTE,SUDESTE,"34186,057"
01/2018,SUDESTE,SUDESTE,"25542,773"
01/2018,SUL,SUDESTE,"65302,343"
01/2018,CENTRO OESTE,SUL,"84,003"
01/2018,SUL,SUL,"70956,940"
02/2018,CENTRO OESTE,CENTRO OESTE,"45210,257"
02/2018,NORDESTE,CENTRO OESTE,"336,130"
02/2018,SUDESTE,CENTRO OESTE,"29,802"
02/2018,SUDESTE,NÃO INFORMADA,"12520,000"
02/2018,SUL,NÃO INFORMADA,"0,989"
02/2018,CENTRO OESTE,NORDESTE,"22678,225"
02/2018,NORDESTE,NORDESTE,"27419,975"
02/2018,NORTE,NORDESTE,"74,375"
02/2018,SUDESTE,NORDESTE,"962,159"
02/2018,CENTRO OESTE,NORTE,"27710,101"
02/2018,NORTE,NORTE,"395,251"
02/2018,CENTRO OESTE,SUDESTE,"32343,014"
02/2018,SUDESTE,SUDESTE,"25711,642"
02/2018,SUL,SUDESTE,"61847,061"
02/2018,CENTRO OESTE,SUL,"221,578"
02/2018,SUL,SUL,"81887,461"
03/2018,CENTRO OESTE,CENTRO OESTE,"55121,612"
03/2018,NORTE,CENTRO OESTE,"2114,540"
03/2018,SUL,NÃO INFORMADA,"0,006"
03/2018,CENTRO OESTE,NORDESTE,"36510,067"
03/2018,NORDESTE,NORDESTE,"27092,884"
03/2018,NORTE,NORDESTE,"4498,459"
03/2018,CENTRO OESTE,NORTE,"32563,978"
03/2018,NORTE,NORTE,"357,192"
03/2018,CENTRO OESTE,SUDESTE,"49461,328"
03/2018,NORDESTE,SUDESTE,"1159,897"
03/2018,SUDESTE,SUDESTE,"42541,433"
03/2018,SUL,SUDESTE,"68273,938"
03/2018,CENTRO OESTE,SUL,"416,374"
03/2018,SUL,SUL,"105709,384"
04/2018,CENTRO OESTE,CENTRO OESTE,"63218,688"
04/2018,NORTE,CENTRO OESTE,"3242,283"
04/2018,SUDESTE,CENTRO OESTE,"88,090"
04/2018,CENTRO OESTE,NORDESTE,"35373,521"
04/2018,NORDESTE,NORDESTE,"30832,547"
04/2018,NORTE,NORDESTE,"3857,098"
04/2018,SUDESTE,NORDESTE,"43,731"
04/2018,CENTRO OESTE,NORTE,"35943,919"
04/2018,NORTE,NORTE,"1261,560"
04/2018,SUL,NORTE,"115,826"
04/2018,CENTRO OESTE,SUDESTE,"53283,222"
04/2018,SUDESTE,SUDESTE,"42967,737"
04/2018,SUL,SUDESTE,"75537,785"
04/2018,CENTRO OESTE,SUL,"1195,757"
04/2018,SUDESTE,SUL,"40,372"
04/2018,SUL,SUL,"106260,509"
05/2018,CENTRO OESTE,CENTRO OESTE,"57717,206"
05/2018,NORTE,CENTRO OESTE,"2163,835"
05/2018,CENTRO OESTE,NORDESTE,"28430,224"
05/2018,NORDESTE,NORDESTE,"23799,934"
05/2018,NORTE,NORDESTE,"2139,466"
05/2018,SUDESTE,NORDESTE,"866,244"
05/2018,CENTRO OESTE,NORTE,"21613,857"
05/2018,NORTE,NORTE,"928,872"
05/2018,CENTRO OESTE,SUDESTE,"30450,665"
05/2018,NORDESTE,SUDESTE,"87,402"
05/2018,SUDESTE,SUDESTE,"28117,875"
05/2018,SUL,SUDESTE,"65072,784"
05/2018,SUL,SUL,"87154,055"
06/2018,CENTRO OESTE,CENTRO OESTE,"70937,489"
06/2018,NORTE,CENTRO OESTE,"5420,599"
06/2018,CENTRO OESTE,NÃO INFORMADA,"15,902"
06/2018,CENTRO OESTE,NORDESTE,"35057,870"
06/2018,NORDESTE,NORDESTE,"34037,068"
06/2018,NORTE,NORDESTE,"3763,780"
06/2018,SUDESTE,NORDESTE,"1146,983"
06/2018,CENTRO OESTE,NORTE,"35882,242"
06/2018,NORTE,NORTE,"1886,992"
06/2018,CENTRO OESTE,SUDESTE,"56860,392"
06/2018,NORDESTE,SUDESTE,"306,460"
06/2018,SUDESTE,SUDESTE,"41368,529"
06/2018,SUL,SUDESTE,"92438,443"
06/2018,CENTRO OESTE,SUL,"794,137"
06/2018,SUL,SUL,"110432,939"
07/2018,CENTRO OESTE,CENTRO OESTE,"75205,981"
07/2018,NORTE,CENTRO OESTE,"2499,929"
07/2018,CENTRO OESTE,NORDESTE,"35538,837"
07/2018,NORDESTE,NORDESTE,"27457,345"
07/2018,NORTE,NORDESTE,"8747,006"
07/2018,SUDESTE,NORDESTE,"1132,344"
07/2018,SUL,NORDESTE,"170,019"
07/2018,CENTRO OESTE,NORTE,"35306,049"
07/2018,NORTE,NORTE,"1797,694"
07/2018,CENTRO OESTE,SUDESTE,"48550,168"
07/2018,SUDESTE,SUDESTE,"38657,745"
07/2018,SUL,SUDESTE,"96289,153"
07/2018,CENTRO OESTE,SUL,"193,110"
07/2018,SUDESTE,SUL,"42,359"
07/2018,SUL,SUL,"111901,083"
08/2018,CENTRO OESTE,CENTRO OESTE,"75029,057"
08/2018,NORTE,CENTRO OESTE,"2644,137"
08/2018,CENTRO OESTE,NORDESTE,"42848,484"
08/2018,NORDESTE,NORDESTE,"27684,303"
08/2018,NORTE,NORDESTE,"9117,798"
08/2018,SUDESTE,NORDESTE,"1913,782"
08/2018,SUL,NORDESTE,"220,311"
08/2018,CENTRO OESTE,NORTE,"41259,831"
08/2018,NORTE,NORTE,"2225,680"
08/2018,CENTRO OESTE,SUDESTE,"43622,623"
08/2018,SUDESTE,SUDESTE,"43196,185"
08/2018,SUL,SUDESTE,"102824,654"
08/2018,CENTRO OESTE,SUL,"293,126"
08/2018,SUDESTE,SUL,"84,985"
08/2018,SUL,SUL,"119403,100"
09/2018,CENTRO OESTE,CENTRO OESTE,"70975,100"
09/2018,NORTE,CENTRO OESTE,"414,106"
09/2018,SUDESTE,NÃO INFORMADA,"0,001"
09/2018,CENTRO OESTE,NORDESTE,"44560,059"
09/2018,NORDESTE,NORDESTE,"32898,334"
09/2018,NORTE,NORDESTE,"1457,939"
09/2018,CENTRO OESTE,NORTE,"38861,376"
09/2018,NORTE,NORTE,"1625,065"
09/2018,CENTRO OESTE,SUDESTE,"48494,094"
09/2018,SUDESTE,SUDESTE,"44617,573"
09/2018,SUL,SUDESTE,"83487,524"
09/2018,CENTRO OESTE,SUL,"641,749"
09/2018,SUDESTE,SUL,"41,782"
09/2018,SUL,SUL,"104990,335"
10/2018,CENTRO OESTE,CENTRO OESTE,"76261,306"
10/2018,NORTE,CENTRO OESTE,"2369,258"
10/2018,SUDESTE,CENTRO OESTE,"840,930"
10/2018,CENTRO OESTE,NORDESTE,"45875,258"
10/2018,NORDESTE,NORDESTE,"30226,572"
10/2018,NORTE,NORDESTE,"6654,807"
10/2018,SUDESTE,NORDESTE,"703,341"
10/2018,CENTRO OESTE,NORTE,"40349,236"
10/2018,NORTE,NORTE,"4008,662"
10/2018,CENTRO OESTE,SUDESTE,"51092,256"
10/2018,SUDESTE,SUDESTE,"40532,283"
10/2018,SUL,SUDESTE,"98008,791"
10/2018,CENTRO OESTE,SUL,"98,342"
10/2018,SUDESTE,SUL,"86,443"
10/2018,SUL,SUL,"108808,483"
11/2018,CENTRO OESTE,CENTRO OESTE,"73189,983"
11/2018,CENTRO OESTE,NORDESTE,"31133,049"
11/2018,NORDESTE,NORDESTE,"41860,004"
11/2018,NORTE,NORDESTE,"4493,640"
11/2018,SUDESTE,NORDESTE,"1099,031"
11/2018,CENTRO OESTE,NORTE,"42107,516"
11/2018,NORTE,NORTE,"1960,813"
11/2018,CENTRO OESTE,SUDESTE,"55438,825"
11/2018,NORTE,SUDESTE,"414,763"
11/2018,SUDESTE,SUDESTE,"36536,284"
11/2018,SUL,SUDESTE,"86654,529"
11/2018,CENTRO OESTE,SUL,"41,332"
11/2018,SUL,SUL,"114614,977"
12/2018,CENTRO OESTE,CENTRO OESTE,"64690,877"
12/2018,CENTRO OESTE,NORDESTE,"32679,580"
12/2018,NORDESTE,NORDESTE,"38854,669"
12/2018,NORTE,NORDESTE,"4432,680"
12/2018,SUDESTE,NORDESTE,"1320,581"
12/2018,CENTRO OESTE,NORTE,"41471,832"
12/2018,NORTE,NORTE,"2274,304"
12/2018,CENTRO OESTE,SUDESTE,"56158,756"
12/2018,NORTE,SUDESTE,"1920,261"
12/2018,SUDESTE,SUDESTE,"39256,198"
12/2018,SUL,SUDESTE,"72450,008"
12/2018,SUL,SUL,"102726,878"
01/2019,CENTRO OESTE,CENTRO OESTE,"61979,077"
01/2019,NORTE,CENTRO OESTE,"1538,124"
01/2019,CENTRO OESTE,NORDESTE,"28821,022"
01/2019,NORDESTE,NORDESTE,"41819,846"
01/2019,NORTE,NORDESTE,"3148,361"
01/2019,SUDESTE,NORDESTE,"1353,624"
01/2019,CENTRO OESTE,NORTE,"38555,704"
01/2019,NORTE,NORTE,"2155,836"
01/2019,CENTRO OESTE,SUDESTE,"42797,197"
01/2019,SUDESTE,SUDESTE,"39878,085"
01/2019,SUL,SUDESTE,"78813,157"
01/2019,CENTRO OESTE,SUL,"280,902"
01/2019,SUDESTE,SUL,"41,492"
01/2019,SUL,SUL,"100909,732"
02/2019,CENTRO OESTE,CENTRO OESTE,"66927,268"
02/2019,NORTE,CENTRO OESTE,"1704,371"
02/2019,SUL,NÃO INFORMADA,"0,005"
02/2019,CENTRO OESTE,NORDESTE,"23280,505"
02/2019,NORDESTE,NORDESTE,"38503,683"
02/2019,NORTE,NORDESTE,"1678,208"
02/2019,SUDESTE,NORDESTE,"1311,580"
02/2019,CENTRO OESTE,NORTE,"36425,845"
02/2019,NORTE,NORTE,"2556,431"
02/2019,CENTRO OESTE,SUDESTE,"41814,504"
02/2019,SUDESTE,SUDESTE,"40563,070"
02/2019,SUL,SUDESTE,"79685,917"
02/2019,SUL,SUL,"95110,825"
03/2019,CENTRO OESTE,CENTRO OESTE,"70761,641"
03/2019,NORTE,CENTRO OESTE,"3858,856"
03/2019,CENTRO OESTE,NORDESTE,"38553,217"
03/2019,NORDESTE,NORDESTE,"30214,067"
03/2019,NORTE,NORDESTE,"1252,524"
03/2019,SUDESTE,NORDESTE,"1274,945"
03/2019,CENTRO OESTE,NORTE,"35292,635"
03/2019,NORTE,NORTE,"1097,612"
03/2019,CENTRO OESTE,SUDESTE,"48488,036"
03/2019,SUDESTE,SUDESTE,"31943,581"
03/2019,SUL,SUDESTE,"77638,928"
03/2019,CENTRO OESTE,SUL,"2751,381"
03/2019,SUDESTE,SUL,"174,665"
03/2019,SUL,SUL,"108833,054"
04/2019,CENTRO OESTE,CENTRO OESTE,"68587,118"
04/2019,NORTE,CENTRO OESTE,"4138,435"
04/2019,CENTRO OESTE,NORDESTE,"36371,371"
04/2019,NORDESTE,NORDESTE,"32267,153"
04/2019,NORTE,NORDESTE,"2222,243"
04/2019,CENTRO OESTE,NORTE,"33101,201"
04/2019,NORTE,NORTE,"983,325"
04/2019,CENTRO OESTE,SUDESTE,"55308,093"
04/2019,SUDESTE,SUDESTE,"37923,783"
04/2019,SUL,SUDESTE,"82710,716"
04/2019,CENTRO OESTE,SUL,"2103,342"
04/2019,SUL,SUL,"113362,982"
05/2019,CENTRO OESTE,CENTRO OESTE,"67656,527"
05/2019,NORTE,CENTRO OESTE,"1647,141"
05/2019,SUL,NÃO INFORMADA,"0,025"
05/2019,CENTRO OESTE,NORDESTE,"25463,217"
05/2019,NORDESTE,NORDESTE,"38264,302"
05/2019,NORTE,NORDESTE,"3967,320"
05/2019,SUDESTE,NORDESTE,"933,791"
05/2019,CENTRO OESTE,NORTE,"29326,505"
05/2019,NORTE,NORTE,"2750,101"
05/2019,CENTRO OESTE,SUDESTE,"54838,124"
05/2019,SUDESTE,SUDESTE,"34284,344"
05/2019,SUL,SUDESTE,"81658,587"
05/2019,CENTRO OESTE,SUL,"1641,017"
05/2019,SUL,SUL,"100715,322"
06/2019,CENTRO OESTE,CENTRO OESTE,"68428,993"
06/2019,NORTE,CENTRO OESTE,"2054,356"
06/2019,CENTRO OESTE,NORDESTE,"29188,352"
06/2019,NORDESTE,NORDESTE,"40059,984"
06/2019,NORTE,NORDESTE,"4502,888"
06/2019,SUDESTE,NORDESTE,"1102,419"
06/2019,CENTRO OESTE,NORTE,"28686,068"
06/2019,NORTE,NORTE,"2831,756"
06/2019,CENTRO OESTE,SUDESTE,"56774,881"
06/2019,SUDESTE,SUDESTE,"39360,031"
06/2019,SUL,SUDESTE,"81265,591"
06/2019,CENTRO OESTE,SUL,"1280,108"
06/2019,SUDESTE,SUL,"41,845"
06/2019,SUL,SUL,"98700,476"
07/2019,CENTRO OESTE,CENTRO OESTE,"81204,297"
07/2019,NORTE,CENTRO OESTE,"2563,300"
07/2019,SUL,NÃO INFORMADA,"1,978"
07/2019,CENTRO OESTE,NORDESTE,"33398,880"
07/2019,NORDESTE,NORDESTE,"35936,158"
07/2019,NORTE,NORDESTE,"4923,786"
07/2019,SUDESTE,NORDESTE,"1843,012"
07/2019,CENTRO OESTE,NORTE,"32957,556"
07/2019,NORTE,NORTE,"2230,386"
07/2019,CENTRO OESTE,SUDESTE,"68243,906"
07/2019,SUDESTE,SUDESTE,"34655,198"
07/2019,SUL,SUDESTE,"85713,187"
07/2019,CENTRO OESTE,SUL,"473,774"
07/2019,SUL,SUL,"114312,833"
08/2019,CENTRO OESTE,CENTRO OESTE,"77671,680"
08/2019,NORTE,CENTRO OESTE,"2860,651"
08/2019,NORTE,NÃO INFORMADA,"62,000"
08/2019,SUL,NÃO INFORMADA,"0,020"
08/2019,CENTRO OESTE,NORDESTE,"36747,603"
08/2019,NORDESTE,NORDESTE,"38015,539"
08/2019,NORTE,NORDESTE,"5680,126"
08/2019,SUDESTE,NORDESTE,"1814,039"
08/2019,CENTRO OESTE,NORTE,"37377,187"
08/2019,NORTE,NORTE,"922,624"
08/2019,CENTRO OESTE,SUDESTE,"65403,744"
08/2019,NORDESTE,SUDESTE,"273,352"
08/2019,SUDESTE,SUDESTE,"38146,955"
08/2019,SUL,SUDESTE,"91713,622"
08/2019,CENTRO OESTE,SUL,"849,850"
08/2019,SUDESTE,SUL,"40,848"
08/2019,SUL,SUL,"106522,524"
09/2019,CENTRO OESTE,CENTRO OESTE,"84709,338"
09/2019,NORTE,CENTRO OESTE,"4075,733"
09/2019,SUDESTE,CENTRO OESTE,"84,090"
09/2019,CENTRO OESTE,NORDESTE,"40954,355"
09/2019,NORDESTE,NORDESTE,"38713,400"
09/2019,NORTE,NORDESTE,"4492,824"
09/2019,SUDESTE,NORDESTE,"115,225"
09/2019,CENTRO OESTE,NORTE,"45519,998"
09/2019,NORTE,NORTE,"2845,109"
09/2019,CENTRO OESTE,SUDESTE,"57712,219"
09/2019,SUDESTE,SUDESTE,"44081,991"
09/2019,SUL,SUDESTE,"114269,661"
09/2019,CENTRO OESTE,SUL,"1621,930"
09/2019,SUL,SUL,"116104,383"
10/2019,CENTRO OESTE,CENTRO OESTE,"92545,347"
10/2019,NORTE,CENTRO OESTE,"4468,108"
10/2019,SUDESTE,CENTRO OESTE,"300,432"
10/2019,SUL,CENTRO OESTE,"9,879"
10/2019,SUL,NÃO INFORMADA,"4,972"
10/2019,CENTRO OESTE,NORDESTE,"43271,800"
10/2019,NORDESTE,NORDESTE,"43195,341"
10/2019,NORTE,NORDESTE,"3202,484"
10/2019,SUDESTE,NORDESTE,"766,387"
10/2019,CENTRO OESTE,NORTE,"51889,500"
10/2019,NORTE,NORTE,"2465,108"
10/2019,CENTRO OESTE,SUDESTE,"56313,687"
10/2019,SUDESTE,SUDESTE,"52055,924"
10/2019,SUL,SUDESTE,"121443,078"
10/2019,CENTRO OESTE,SUL,"2252,892"
10/2019,SUDESTE,SUL,"40,693"
10/2019,SUL,SUL,"130682,240"
11/2019,CENTRO OESTE,CENTRO OESTE,"76509,557"
11/2019,NORTE,CENTRO OESTE,"2682,155"
11/2019,SUDESTE,CENTRO OESTE,"124,543"
11/2019,SUL,CENTRO OESTE,"8,867"
11/2019,CENTRO OESTE,NORDESTE,"41787,495"
11/2019,NORDESTE,NORDESTE,"40676,104"
11/2019,NORTE,NORDESTE,"3597,484"
11/2019,SUDESTE,NORDESTE,"316,450"
11/2019,CENTRO OESTE,NORTE,"39134,523"
11/2019,NORTE,NORTE,"4408,149"
11/2019,CENTRO OESTE,SUDESTE,"56340,401"
11/2019,SUDESTE,SUDESTE,"49075,662"
11/2019,SUL,SUDESTE,"91054,141"
11/2019,CENTRO OESTE,SUL,"381,092"
11/2019,SUL,SUL,"121869,870"
12/2019,CENTRO OESTE,CENTRO OESTE,"75541,006"
12/2019,NORTE,CENTRO OESTE,"2020,006"
12/2019,SUDESTE,CENTRO OESTE,"40,469"
12/2019,SUL,CENTRO OESTE,"8,898"
12/2019,SUL,NÃO INFORMADA,"5,915"
12/2019,CENTRO OESTE,NORDESTE,"37955,764"
12/2019,NORDESTE,NORDESTE,"40146,163"
12/2019,NORTE,NORDESTE,"4148,580"
12/2019,SUDESTE,NORDESTE,"436,837"
12/2019,CENTRO OESTE,NORTE,"37839,414"
12/2019,NORTE,NORTE,"3870,812"
12/2019,CENTRO OESTE,SUDESTE,"50016,208"
12/2019,SUDESTE,SUDESTE,"44745,017"
12/2019,SUL,SUDESTE,"82245,965"
12/2019,CENTRO OESTE,SUL,"406,268"
12/2019,SUL,SUL,"113101,921"
01/2020,CENTRO OESTE,CENTRO OESTE,"73603,158"
01/2020,NORTE,CENTRO OESTE,"886,849"
01/2020,SUDESTE,CENTRO OESTE,"450,464"
01/2020,SUL,CENTRO OESTE,"14,819"
01/2020,CENTRO OESTE,NORDESTE,"28003,473"
01/2020,NORDESTE,NORDESTE,"44235,480"
01/2020,NORTE,NORDESTE,"3859,818"
01/2020,CENTRO OESTE,NORTE,"45122,638"
01/2020,NORTE,NORTE,"2135,225"
01/2020,CENTRO OESTE,SUDESTE,"48848,664"
01/2020,SUDESTE,SUDESTE,"33008,147"
01/2020,SUL,SUDESTE,"84697,754"
01/2020,CENTRO OESTE,SUL,"394,448"
01/2020,SUL,SUL,"118525,142"
02/2020,CENTRO OESTE,CENTRO OESTE,"75715,938"
02/2020,NORTE,CENTRO OESTE,"793,185"
02/2020,SUDESTE,CENTRO OESTE,"256,276"
02/2020,SUL,CENTRO OESTE,"93,123"
02/2020,NORTE,NÃO INFORMADA,"107,000"
02/2020,CENTRO OESTE,NORDESTE,"28929,208"
02/2020,NORDESTE,NORDESTE,"42891,508"
02/2020,NORTE,NORDESTE,"2301,952"
02/2020,SUDESTE,NORDESTE,"126,199"
02/2020,CENTRO OESTE,NORTE,"45699,325"
02/2020,NORTE,NORTE,"2454,949"
02/2020,CENTRO OESTE,SUDESTE,"49525,750"
02/2020,NORDESTE,SUDESTE,"55,833"
02/2020,SUDESTE,SUDESTE,"36583,695"
02/2020,SUL,SUDESTE,"84433,694"
02/2020,CENTRO OESTE,SUL,"1005,195"
02/2020,SUL,SUL,"112273,237"
03/2020,CENTRO OESTE,CENTRO OESTE,"82799,063"
03/2020,NORTE,CENTRO OESTE,"1537,424"
03/2020,SUL,CENTRO OESTE,"14,796"
03/2020,SUL,NÃO INFORMADA,"0,049"
03/2020,CENTRO OESTE,NORDESTE,"37334,706"
03/2020,NORDESTE,NORDESTE,"32987,588"
03/2020,NORTE,NORDESTE,"2992,279"
03/2020,SUDESTE,NORDESTE,"1901,091"
03/2020,CENTRO OESTE,NORTE,"37853,380"
03/2020,NORTE,NORTE,"4073,052"
03/2020,CENTRO OESTE,SUDESTE,"72437,852"
03/2020,SUDESTE,SUDESTE,"47980,594"
03/2020,SUL,SUDESTE,"79397,361"
03/2020,CENTRO OESTE,SUL,"593,067"
03/2020,SUDESTE,SUL,"594,450"
03/2020,SUL,SUL,"125910,977"
04/2020,CENTRO OESTE,CENTRO OESTE,"56820,417"
04/2020,NORTE,CENTRO OESTE,"1684,303"
04/2020,CENTRO OESTE,NORDESTE,"35069,051"
04/2020,NORDESTE,NORDESTE,"31883,058"
04/2020,NORTE,NORDESTE,"1723,424"
04/2020,SUDESTE,NORDESTE,"1650,398"
04/2020,CENTRO OESTE,NORTE,"30200,319"
04/2020,NORTE,NORTE,"4262,930"
04/2020,CENTRO OESTE,SUDESTE,"72917,114"
04/2020,SUDESTE,SUDESTE,"38368,331"
04/2020,SUL,SUDESTE,"74482,346"
04/2020,CENTRO OESTE,SUL,"97,840"
04/2020,SUDESTE,SUL,"453,103"
04/2020,SUL,SUL,"118083,764"
05/2020,CENTRO OESTE,CENTRO OESTE,"82809,209"
05/2020,NORTE,CENTRO OESTE,"3899,234"
05/2020,SUDESTE,CENTRO OESTE,"383,903"
05/2020,NORTE,NÃO INFORMADA,"45,000"
05/2020,CENTRO OESTE,NORDESTE,"27647,579"
05/2020,NORDESTE,NORDESTE,"30223,725"
05/2020,NORTE,NORDESTE,"8212,429"
05/2020,CENTRO OESTE,NORTE,"37152,584"
05/2020,NORTE,NORTE,"4525,135"
05/2020,CENTRO OESTE,SUDESTE,"51978,901"
05/2020,SUDESTE,SUDESTE,"28038,160"
05/2020,SUL,SUDESTE,"103543,856"
05/2020,CENTRO OESTE,SUL,"102,040"
05/2020,SUL,SUL,"121488,194"
06/2020,CENTRO OESTE,CENTRO OESTE,"73987,677"
06/2020,NORDESTE,CENTRO OESTE,"154,541"
06/2020,NORTE,CENTRO OESTE,"4361,255"
06/2020,SUDESTE,CENTRO OESTE,"278,766"
06/2020,SUL,CENTRO OESTE,"57,729"
06/2020,CENTRO OESTE,NORDESTE,"28629,122"
06/2020,NORDESTE,NORDESTE,"36854,975"
06/2020,NORTE,NORDESTE,"9117,442"
06/2020,SUDESTE,NORDESTE,"138,730"
06/2020,SUL,NORDESTE,"131,227"
06/2020,CENTRO OESTE,NORTE,"43855,987"
06/2020,NORDESTE,NORTE,"366,815"
06/2020,NORTE,NORTE,"4413,316"
06/2020,CENTRO OESTE,SUDESTE,"52686,558"
06/2020,NORDESTE,SUDESTE,"394,113"
06/2020,NORTE,SUDESTE,"352,963"
06/2020,SUDESTE,SUDESTE,"42819,336"
06/2020,SUL,SUDESTE,"104275,267"
06/2020,CENTRO OESTE,SUL,"959,850"
06/2020,SUDESTE,SUL,"508,784"
06/2020,SUL,SUL,"121851,524"
07/2020,CENTRO OESTE,CENTRO OESTE,"104322,684"
07/2020,NORTE,CENTRO OESTE,"6158,103"
07/2020,SUDESTE,CENTRO OESTE,"82,496"
07/2020,SUL,CENTRO OESTE,"14,886"
07/2020,SUL,NÃO INFORMADA,"5,853"
07/2020,CENTRO OESTE,NORDESTE,"30329,589"
07/2020,NORDESTE,NORDESTE,"50520,518"
07/2020,NORTE,NORDESTE,"5715,001"
07/2020,SUDESTE,NORDESTE,"2379,554"
07/2020,CENTRO OESTE,NORTE,"60997,928"
07/2020,NORDESTE,NORTE,"599,669"
07/2020,NORTE,NORTE,"3727,386"
07/2020,CENTRO OESTE,SUDESTE,"56106,658"
07/2020,NORDESTE,SUDESTE,"144,887"
07/2020,SUDESTE,SUDESTE,"51680,050"
07/2020,SUL,SUDESTE,"112773,838"
07/2020,CENTRO OESTE,SUL,"5509,570"
07/2020,SUL,SUL,"132610,314"
08/2020,CENTRO OESTE,CENTRO OESTE,"85850,092"
08/2020,NORTE,CENTRO OESTE,"4562,939"
08/2020,SUDESTE,CENTRO OESTE,"2429,084"
08/2020,SUL,CENTRO OESTE,"425,472"
08/2020,SUL,NÃO INFORMADA,"1,000"
08/2020,CENTRO OESTE,NORDESTE,"40407,520"
08/2020,NORDESTE,NORDESTE,"46259,559"
08/2020,NORTE,NORDESTE,"5417,966"
08/2020,SUDESTE,NORDESTE,"3738,843"
08/2020,SUL,NORDESTE,"404,992"
08/2020,CENTRO OESTE,NORTE,"49878,546"
08/2020,NORDESTE,NORTE,"338,101"
08/2020,NORTE,NORTE,"5951,656"
08/2020,CENTRO OESTE,SUDESTE,"53684,374"
08/2020,NORDESTE,SUDESTE,"134,402"
08/2020,SUDESTE,SUDESTE,"49077,005"
08/2020,SUL,SUDESTE,"131700,458"
08/2020,CENTRO OESTE,SUL,"6346,621"
08/2020,NORDESTE,SUL,"24,715"
08/2020,SUL,SUL,"129085,076"
09/2020,CENTRO OESTE,CENTRO OESTE,"94068,731"
09/2020,NORTE,CENTRO OESTE,"3395,382"
09/2020,SUL,NÃO INFORMADA,"1,000"
09/2020,CENTRO OESTE,NORDESTE,"41703,222"
09/2020,NORDESTE,NORDESTE,"42406,211"
09/2020,NORTE,NORDESTE,"5282,239"
09/2020,SUDESTE,NORDESTE,"1478,274"
09/2020,SUL,NORDESTE,"323,981"
09/2020,CENTRO OESTE,NORTE,"45081,298"
09/2020,NORDESTE,NORTE,"1222,095"
09/2020,NORTE,NORTE,"4585,123"
09/2020,CENTRO OESTE,SUDESTE,"57736,484"
09/2020,SUDESTE,SUDESTE,"41967,481"
09/2020,SUL,SUDESTE,"115798,372"
09/2020,SUL,SUL,"126247,583"
10/2020,CENTRO OESTE,CENTRO OESTE,"91190,009"
10/2020,NORTE,CENTRO OESTE,"2792,494"
10/2020,SUDESTE,CENTRO OESTE,"190,488"
10/2020,SUL,CENTRO OESTE,"214,903"
10/2020,SUL,NÃO INFORMADA,"4,000"
10/2020,CENTRO OESTE,NORDESTE,"44467,598"
10/2020,NORDESTE,NORDESTE,"45821,253"
10/2020,NORTE,NORDESTE,"6581,945"
10/2020,SUDESTE,NORDESTE,"1860,053"
10/2020,SUL,NORDESTE,"1129,784"
10/2020,CENTRO OESTE,NORTE,"41510,715"
10/2020,NORDESTE,NORTE,"1053,846"
10/2020,NORTE,NORTE,"3069,798"
10/2020,CENTRO OESTE,SUDESTE,"54188,290"
10/2020,SUDESTE,SUDESTE,"40880,843"
10/2020,SUL,SUDESTE,"113963,078"
10/2020,CENTRO OESTE,SUL,"4509,961"
10/2020,SUL,SUL,"130879,900"
11/2020,CENTRO OESTE,CENTRO OESTE,"78312,002"
11/2020,NORTE,CENTRO OESTE,"2992,007"
11/2020,SUDESTE,CENTRO OESTE,"2323,334"
11/2020,SUL,CENTRO OESTE,"209,496"
11/2020,SUL,NÃO INFORMADA,"0,987"
11/2020,CENTRO OESTE,NORDESTE,"35487,184"
11/2020,NORDESTE,NORDESTE,"34870,385"
11/2020,NORTE,NORDESTE,"4924,276"
11/2020,SUDESTE,NORDESTE,"5528,255"
11/2020,SUL,NORDESTE,"288,187"
11/2020,CENTRO OESTE,NORTE,"39539,014"
11/2020,NORDESTE,NORTE,"154,321"
11/2020,NORTE,NORTE,"2329,720"
11/2020,CENTRO OESTE,SUDESTE,"35363,176"
11/2020,SUDESTE,SUDESTE,"31439,703"
11/2020,SUL,SUDESTE,"116410,565"
11/2020,CENTRO OESTE,SUL,"2892,710"
11/2020,SUL,SUL,"128025,485"
12/2020,CENTRO OESTE,CENTRO OESTE,"69263,356"
12/2020,NORTE,CENTRO OESTE,"3131,983"
12/2020,SUDESTE,CENTRO OESTE,"2063,792"
12/2020,SUL,CENTRO OESTE,"421,925"
12/2020,SUL,NÃO INFORMADA,"9,879"
12/2020,CENTRO OESTE,NORDESTE,"38524,717"
12/2020,NORDESTE,NORDESTE,"31229,578"
12/2020,NORTE,NORDESTE,"8025,877"
12/2020,SUDESTE,NORDESTE,"6182,382"
12/2020,SUL,NORDESTE,"347,536"
12/2020,CENTRO OESTE,NORTE,"36093,709"
12/2020,NORTE,NORTE,"1341,653"
12/2020,CENTRO OESTE,SUDESTE,"36916,065"
12/2020,SUDESTE,SUDESTE,"30044,547"
12/2020,SUL,SUDESTE,"113891,361"
12/2020,CENTRO OESTE,SUL,"776,840"
12/2020,SUL,SUL,"110887,492"
01/2021,CENTRO OESTE,CENTRO OESTE,"77658,514"
01/2021,NORTE,CENTRO OESTE,"221,494"
01/2021,SUDESTE,CENTRO OESTE,"313,132"
01/2021,SUL,CENTRO OESTE,"467,754"
01/2021,CENTRO OESTE,NORDESTE,"40839,293"
01/2021,NORDESTE,NORDESTE,"34836,121"
01/2021,NORTE,NORDESTE,"3074,175"
01/2021,SUDESTE,NORDESTE,"3738,249"
01/2021,CENTRO OESTE,NORTE,"43754,492"
01/2021,NORTE,NORTE,"927,350"
01/2021,CENTRO OESTE,SUDESTE,"34634,000"
01/2021,SUDESTE,SUDESTE,"31736,379"
01/2021,SUL,SUDESTE,"130787,112"
01/2021,CENTRO OESTE,SUL,"283,530"
01/2021,SUDESTE,SUL,"183,459"
01/2021,SUL,SUL,"130201,425"
02/2021,CENTRO OESTE,CENTRO OESTE,"87281,372"
02/2021,NORTE,CENTRO OESTE,"277,022"
02/2021,SUDESTE,CENTRO OESTE,"200,956"
02/2021,SUL,CENTRO OESTE,"883,818"
02/2021,SUL,NÃO INFORMADA,"9,885"
02/2021,CENTRO OESTE,NORDESTE,"40864,012"
02/2021,NORDESTE,NORDESTE,"38262,107"
02/2021,NORTE,NORDESTE,"4235,596"
02/2021,SUDESTE,NORDESTE,"3700,884"
02/2021,CENTRO OESTE,NORTE,"49137,887"
02/2021,NORTE,NORTE,"971,326"
02/2021,CENTRO OESTE,SUDESTE,"38788,106"
02/2021,SUDESTE,SUDESTE,"34234,126"
02/2021,SUL,SUDESTE,"137866,156"
02/2021,CENTRO OESTE,SUL,"2016,910"
02/2021,SUDESTE,SUL,"494,739"
02/2021,SUL,SUL,"129635,631"
03/2021,CENTRO OESTE,CENTRO OESTE,"95228,126"
03/2021,NORDESTE,CENTRO OESTE,"937,239"
03/2021,NORTE,CENTRO OESTE,"2924,710"
03/2021,SUDESTE,CENTRO OESTE,"275,615"
03/2021,SUL,NÃO INFORMADA,"1,974"
03/2021,CENTRO OESTE,NORDESTE,"29158,667"
03/2021,NORDESTE,NORDESTE,"49597,865"
03/2021,NORTE,NORDESTE,"5327,615"
03/2021,SUDESTE,NORDESTE,"3674,961"
03/2021,CENTRO OESTE,NORTE,"45542,695"
03/2021,NORTE,NORTE,"4925,595"
03/2021,CENTRO OESTE,SUDESTE,"62270,528"
03/2021,SUDESTE,SUDESTE,"40176,295"
03/2021,SUL,SUDESTE,"135368,442"
03/2021,CENTRO OESTE,SUL,"1517,230"
03/2021,SUL,SUL,"171196,410"
04/2021,CENTRO OESTE,CENTRO OESTE,"76732,528"
04/2021,NORDESTE,CENTRO OESTE,"421,724"
04/2021,NORTE,CENTRO OESTE,"5814,373"
04/2021,SUDESTE,CENTRO OESTE,"330,663"
04/2021,SUL,CENTRO OESTE,"90,823"
04/2021,SUL,NÃO INFORMADA,"13,848"
04/2021,CENTRO OESTE,NORDESTE,"33188,691"
04/2021,NORDESTE,NORDESTE,"48590,002"
04/2021,NORTE,NORDESTE,"9164,131"
04/2021,SUDESTE,NORDESTE,"4374,949"
04/2021,SUL,NORDESTE,"128,818"
04/2021,CENTRO OESTE,NORTE,"42973,651"
04/2021,NORTE,NORTE,"6018,572"
04/2021,CENTRO OESTE,SUDESTE,"76678,934"
04/2021,NORDESTE,SUDESTE,"854,128"
04/2021,NORTE,SUDESTE,"342,350"
04/2021,SUDESTE,SUDESTE,"36735,075"
04/2021,SUL,SUDESTE,"135433,328"
04/2021,CENTRO OESTE,SUL,"2403,253"
04/2021,SUL,SUL,"168125,911"
05/2021,CENTRO OESTE,CENTRO OESTE,"73851,295"
05/2021,NORDESTE,CENTRO OESTE,"222,870"
05/2021,NORTE,CENTRO OESTE,"3930,214"
05/2021,SUDESTE,CENTRO OESTE,"436,978"
05/2021,CENTRO OESTE,NORDESTE,"31589,577"
05/2021,NORDESTE,NORDESTE,"24681,128"
05/2021,NORTE,NORDESTE,"4188,516"
05/2021,SUDESTE,NORDESTE,"802,436"
05/2021,CENTRO OESTE,NORTE,"36451,753"
05/2021,NORTE,NORTE,"4587,820"
05/2021,CENTRO OESTE,SUDESTE,"48988,351"
05/2021,SUDESTE,SUDESTE,"33678,795"
05/2021,SUL,SUDESTE,"121004,092"
05/2021,CENTRO OESTE,SUL,"102,849"
05/2021,SUL,SUL,"120621,900"
06/2021,CENTRO OESTE,CENTRO OESTE,"79318,931"
06/2021,NORTE,CENTRO OESTE,"4436,727"
06/2021,SUDESTE,CENTRO OESTE,"646,939"
06/2021,SUL,CENTRO OESTE,"115,513"
06/2021,SUL,NÃO INFORMADA,"3,946"
06/2021,CENTRO OESTE,NORDESTE,"34584,275"
06/2021,NORDESTE,NORDESTE,"27419,067"
06/2021,NORTE,NORDESTE,"2975,472"
06/2021,SUDESTE,NORDESTE,"797,794"
06/2021,CENTRO OESTE,NORTE,"34203,800"
06/2021,NORDESTE,NORTE,"57,338"
06/2021,NORTE,NORTE,"4680,848"
06/2021,CENTRO OESTE,SUDESTE,"50451,197"
06/2021,SUDESTE,SUDESTE,"36423,398"
06/2021,SUL,SUDESTE,"116499,617"
06/2021,CENTRO OESTE,SUL,"145,273"
06/2021,SUL,SUL,"119044,246"
07/2021,CENTRO OESTE,CENTRO OESTE,"84486,638"
07/2021,NORTE,CENTRO OESTE,"2870,710"
07/2021,SUL,CENTRO OESTE,"56,632"
07/2021,SUL,NÃO INFORMADA,"1,977"
07/2021,CENTRO OESTE,NORDESTE,"47649,580"
07/2021,NORDESTE,NORDESTE,"26657,189"
07/2021,NORTE,NORDESTE,"4306,164"
07/2021,SUDESTE,NORDESTE,"3128,398"
07/2021,CENTRO OESTE,NORTE,"40780,927"
07/2021,NORDESTE,NORTE,"113,954"
07/2021,NORTE,NORTE,"4841,572"
07/2021,CENTRO OESTE,SUDESTE,"56901,211"
07/2021,NORDESTE,SUDESTE,"309,196"
07/2021,SUDESTE,SUDESTE,"20406,204"
07/2021,SUL,SUDESTE,"122272,809"
07/2021,CENTRO OESTE,SUL,"678,240"
07/2021,SUL,SUL,"124701,735"
08/2021,CENTRO OESTE,CENTRO OESTE,"105934,870"
08/2021,NORTE,CENTRO OESTE,"3718,984"
08/2021,SUL,CENTRO OESTE,"154,986"
08/2021,SUL,NÃO INFORMADA,"13,783"
08/2021,CENTRO OESTE,NORDESTE,"24867,357"
08/2021,NORDESTE,NORDESTE,"16716,201"
08/2021,NORTE,NORDESTE,"3803,187"
08/2021,SUDESTE,NORDESTE,"651,633"
08/2021,CENTRO OESTE,NORTE,"35665,099"
08/2021,NORTE,NORTE,"5007,865"
08/2021,CENTRO OESTE,SUDESTE,"60937,757"
08/2021,NORDESTE,SUDESTE,"12576,293"
08/2021,NORTE,SUDESTE,"1629,285"
08/2021,SUDESTE,SUDESTE,"24538,069"
08/2021,SUL,SUDESTE,"125059,457"
08/2021,CENTRO OESTE,SUL,"39,716"
08/2021,SUL,SUL,"137841,772"
09/2021,CENTRO OESTE,CENTRO OESTE,"132492,279"
09/2021,NORDESTE,CENTRO OESTE,"42,609"
09/2021,NORTE,CENTRO OESTE,"6216,246"
09/2021,SUDESTE,CENTRO OESTE,"2126,261"
09/2021,CENTRO OESTE,NORDESTE,"13440,893"
09/2021,NORDESTE,NORDESTE,"10388,104"
09/2021,NORTE,NORDESTE,"2926,971"
09/2021,CENTRO OESTE,NORTE,"46502,920"
09/2021,NORDESTE,NORTE,"57,833"
09/2021,NORTE,NORTE,"4733,808"
09/2021,CENTRO OESTE,SUDESTE,"36680,234"
09/2021,NORDESTE,SUDESTE,"34989,740"
09/2021,NORTE,SUDESTE,"599,599"
09/2021,SUDESTE,SUDESTE,"41861,054"
09/2021,SUL,SUDESTE,"133536,042"
09/2021,SUL,SUL,"146603,796"
10/2021,CENTRO OESTE,CENTRO OESTE,"138259,712"
10/2021,NORTE,CENTRO OESTE,"7736,939"
10/2021,SUDESTE,CENTRO OESTE,"2570,710"
10/2021,SUL,CENTRO OESTE,"40,623"
10/2021,SUL,NÃO INFORMADA,"12,867"
10/2021,CENTRO OESTE,NORDESTE,"18064,850"
10/2021,NORDESTE,NORDESTE,"9157,294"
10/2021,NORTE,NORDESTE,"4076,012"
10/2021,SUDESTE,NORDESTE,"55,274"
10/2021,CENTRO OESTE,NORTE,"53204,843"
10/2021,NORDESTE,NORTE,"141,568"
10/2021,NORTE,NORTE,"5565,294"
10/2021,CENTRO OESTE,SUDESTE,"34186,138"
10/2021,NORDESTE,SUDESTE,"36649,845"
10/2021,NORTE,SUDESTE,"674,663"
10/2021,SUDESTE,SUDESTE,"39896,249"
10/2021,SUL,SUDESTE,"134058,371"
10/2021,SUL,SUL,"153114,105"
11/2021,CENTRO OESTE,CENTRO OESTE,"114900,198"
11/2021,NORTE,CENTRO OESTE,"4094,040"
11/2021,SUL,CENTRO OESTE,"986,300"
11/2021,CENTRO OESTE,NORDESTE,"12630,011"
11/2021,NORDESTE,NORDESTE,"9236,058"
11/2021,NORTE,NORDESTE,"2192,455"
11/2021,CENTRO OESTE,NORTE,"39835,118"
11/2021,NORTE,NORTE,"3928,273"
11/2021,SUDESTE,NORTE,"42,359"
11/2021,CENTRO OESTE,SUDESTE,"24620,142"
11/2021,NORDESTE,SUDESTE,"25555,329"
11/2021,SUDESTE,SUDESTE,"29400,156"
11/2021,SUL,SUDESTE,"120919,536"
11/2021,SUDESTE,SUL,"0,344"
11/2021,SUL,SUL,"131068,950"
12/2021,CENTRO OESTE,CENTRO OESTE,"90799,231"
12/2021,NORDESTE,CENTRO OESTE,"622,419"
12/2021,NORTE,CENTRO OESTE,"6222,099"
12/2021,SUDESTE,CENTRO OESTE,"791,549"
12/2021,SUL,CENTRO OESTE,"803,456"
12/2021,CENTRO OESTE,NORDESTE,"12193,017"
12/2021,NORDESTE,NORDESTE,"11237,067"
12/2021,NORTE,NORDESTE,"2049,146"
12/2021,CENTRO OESTE,NORTE,"45606,613"
12/2021,NORDESTE,NORTE,"331,722"
12/2021,NORTE,NORTE,"4457,118"
12/2021,CENTRO OESTE,SUDESTE,"30034,268"
12/2021,NORDESTE,SUDESTE,"27814,216"
12/2021,NORTE,SUDESTE,"948,327"
12/2021,SUDESTE,SUDESTE,"31585,508"
12/2021,SUL,SUDESTE,"122849,340"
12/2021,SUL,SUL,"136626,685"
01/2022,CENTRO OESTE,CENTRO OESTE,"50017,403"
01/2022,SUDESTE,CENTRO OESTE,"1388,269"
01/2022,SUL,CENTRO OESTE,"1943,333"
01/2022,SUL,NÃO INFORMADA,"2,958"
01/2022,CENTRO OESTE,NORDESTE,"19920,006"
01/2022,NORDESTE,NORDESTE,"39141,473"
01/2022,NORTE,NORDESTE,"1132,583"
01/2022,SUDESTE,NORDESTE,"3376,080"
01/2022,CENTRO OESTE,NORTE,"50342,074"
01/2022,NORTE,NORTE,"3188,587"
01/2022,CENTRO OESTE,SUDESTE,"34677,126"
01/2022,NORDESTE,SUDESTE,"992,558"
01/2022,SUDESTE,SUDESTE,"26614,536"
01/2022,SUL,SUDESTE,"83871,477"
01/2022,CENTRO OESTE,SUL,"982,515"
01/2022,SUDESTE,SUL,"5167,007"
01/2022,SUL,SUL,"103314,402"
02/2022,CENTRO OESTE,CENTRO OESTE,"72031,912"
02/2022,SUDESTE,CENTRO OESTE,"2247,656"
02/2022,SUL,CENTRO OESTE,"2873,230"
02/2022,CENTRO OESTE,NORDESTE,"16207,564"
02/2022,NORDESTE,NORDESTE,"42425,232"
02/2022,NORTE,NORDESTE,"2186,303"
02/2022,SUDESTE,NORDESTE,"3171,533"
02/2022,CENTRO OESTE,NORTE,"51395,166"
02/2022,NORTE,NORTE,"5525,759"
02/2022,SUL,NORTE,"540,278"
02/2022,CENTRO OESTE,SUDESTE,"42988,410"
02/2022,NORDESTE,SUDESTE,"1585,014"
02/2022,SUDESTE,SUDESTE,"30111,747"
02/2022,SUL,SUDESTE,"94361,004"
02/2022,CENTRO OESTE,SUL,"1139,279"
02/2022,SUL,SUL,"107804,120"
03/2022,CENTRO OESTE,CENTRO OESTE,"67119,058"
03/2022,SUDESTE,CENTRO OESTE,"286,921"
03/2022,SUL,CENTRO OESTE,"4555,041"
03/2022,CENTRO OESTE,NORDESTE,"24524,876"
03/2022,NORDESTE,NORDESTE,"43430,613"
03/2022,NORTE,NORDESTE,"3415,792"
03/2022,SUDESTE,NORDESTE,"2868,703"
03/2022,CENTRO OESTE,NORTE,"43436,454"
03/2022,NORTE,NORTE,"6362,861"
03/2022,SUL,NORTE,"1197,221"
03/2022,CENTRO OESTE,SUDESTE,"49129,619"
03/2022,SUDESTE,SUDESTE,"31758,816"
03/2022,SUL,SUDESTE,"102228,771"
03/2022,CENTRO OESTE,SUL,"1476,214"
03/2022,SUDESTE,SUL,"425,493"
03/2022,SUL,SUL,"119300,607"
04/2022,CENTRO OESTE,CENTRO OESTE,"59512,872"
04/2022,SUDESTE,CENTRO OESTE,"56,567"
04/2022,SUL,CENTRO OESTE,"3953,076"
04/2022,SUL,NÃO INFORMADA,"2,975"
04/2022,CENTRO OESTE,NORDESTE,"21071,560"
04/2022,NORDESTE,NORDESTE,"51535,527"
04/2022,NORTE,NORDESTE,"3311,334"
04/2022,SUDESTE,NORDESTE,"3505,957"
04/2022,CENTRO OESTE,NORTE,"44765,997"
04/2022,NORDESTE,NORTE,"331,745"
04/2022,NORTE,NORTE,"6924,475"
04/2022,SUL,NORTE,"910,304"
04/2022,CENTRO OESTE,SUDESTE,"43516,414"
04/2022,NORDESTE,SUDESTE,"283,694"
04/2022,SUDESTE,SUDESTE,"32647,031"
04/2022,SUL,SUDESTE,"87002,682"
04/2022,CENTRO OESTE,SUL,"867,361"
04/2022,NORDESTE,SUL,"54,878"
04/2022,SUDESTE,SUL,"123,838"
04/2022,SUL,SUL,"118562,460"
05/2022,CENTRO OESTE,CENTRO OESTE,"68889,766"
05/2022,SUDESTE,CENTRO OESTE,"228,373"
05/2022,SUL,CENTRO OESTE,"3372,785"
05/2022,SUL,NÃO INFORMADA,"458,751"
05/2022,CENTRO OESTE,NORDESTE,"20015,797"
05/2022,NORDESTE,NORDESTE,"50556,860"
05/2022,NORTE,NORDESTE,"1901,892"
05/2022,SUDESTE,NORDESTE,"1415,143"
05/2022,SUL,NORDESTE,"3500,000"
05/2022,CENTRO OESTE,NORTE,"52157,249"
05/2022,NORDESTE,NORTE,"141,520"
05/2022,NORTE,NORTE,"4323,125"
05/2022,SUL,NORTE,"939,566"
05/2022,CENTRO OESTE,SUDESTE,"60515,611"
05/2022,NORDESTE,SUDESTE,"56,076"
05/2022,SUDESTE,SUDESTE,"37731,407"
05/2022,SUL,SUDESTE,"114470,649"
05/2022,CENTRO OESTE,SUL,"1767,282"
05/2022,SUDESTE,SUL,"2775,374"
05/2022,SUL,SUL,"118665,392"
06/2022,CENTRO OESTE,CENTRO OESTE,"68405,020"
06/2022,SUDESTE,CENTRO OESTE,"114,368"
06/2022,SUL,CENTRO OESTE,"2602,371"
06/2022,SUL,NÃO INFORMADA,"3,192"
06/2022,CENTRO OESTE,NORDESTE,"17070,422"
06/2022,NORDESTE,NORDESTE,"56786,923"
06/2022,NORTE,NORDESTE,"2572,687"
06/2022,SUDESTE,NORDESTE,"985,602"
06/2022,CENTRO OESTE,NORTE,"43922,542"
06/2022,NORTE,NORTE,"7144,527"
06/2022,SUL,NORTE,"174,031"
06/2022,CENTRO OESTE,SUDESTE,"57174,594"
06/2022,NORDESTE,SUDESTE,"287,135"
06/2022,SUDESTE,SUDESTE,"36130,371"
06/2022,SUL,SUDESTE,"109454,247"
06/2022,CENTRO OESTE,SUL,"1177,198"
06/2022,SUDESTE,SUL,"1848,987"
06/2022,SUL,SUL,"105273,976"
07/2022,CENTRO OESTE,CENTRO OESTE,"72731,660"
07/2022,SUDESTE,CENTRO OESTE,"157,120"
07/2022,SUL,CENTRO OESTE,"2116,255"
07/2022,SUL,NÃO INFORMADA,"2,966"
07/2022,CENTRO OESTE,NORDESTE,"16465,630"
07/2022,NORDESTE,NORDESTE,"57095,339"
07/2022,NORTE,NORDESTE,"2235,623"
07/2022,SUDESTE,NORDESTE,"1060,232"
07/2022,SUL,NORDESTE,"500,000"
07/2022,CENTRO OESTE,NORTE,"46893,833"
07/2022,NORTE,NORTE,"9038,603"
07/2022,SUL,NORTE,"476,777"
07/2022,CENTRO OESTE,SUDESTE,"61229,070"
07/2022,NORDESTE,SUDESTE,"1288,730"
07/2022,SUDESTE,SUDESTE,"35432,046"
07/2022,SUL,SUDESTE,"100716,091"
07/2022,CENTRO OESTE,SUL,"8042,083"
07/2022,SUDESTE,SUL,"3965,119"
07/2022,SUL,SUL,"110249,921"
08/2022,CENTRO OESTE,CENTRO OESTE,"82403,742"
08/2022,SUL,CENTRO OESTE,"2692,406"
08/2022,CENTRO OESTE,NORDESTE,"19292,002"
08/2022,NORDESTE,NORDESTE,"67531,988"
08/2022,NORTE,NORDESTE,"4643,571"
08/2022,SUDESTE,NORDESTE,"1070,638"
08/2022,SUL,NORDESTE,"4955,000"
08/2022,CENTRO OESTE,NORTE,"47809,976"
08/2022,NORTE,NORTE,"12297,507"
08/2022,SUL,NORTE,"596,135"
08/2022,CENTRO OESTE,SUDESTE,"78186,595"
08/2022,NORDESTE,SUDESTE,"1446,078"
08/2022,SUDESTE,SUDESTE,"40390,261"
08/2022,SUL,SUDESTE,"106216,665"
08/2022,CENTRO OESTE,SUL,"15072,440"
08/2022,SUDESTE,SUL,"5731,029"
08/2022,SUL,SUL,"125479,350"
09/2022,CENTRO OESTE,CENTRO OESTE,"80248,468"
09/2022,SUDESTE,CENTRO OESTE,"252,111"
09/2022,SUL,CENTRO OESTE,"466,739"
09/2022,SUL,NÃO INFORMADA,"3,970"
09/2022,CENTRO OESTE,NORDESTE,"23714,716"
09/2022,NORDESTE,NORDESTE,"53048,076"
09/2022,NORTE,NORDESTE,"9690,221"
09/2022,SUDESTE,NORDESTE,"1594,083"
09/2022,SUL,NORDESTE,"3500,000"
09/2022,CENTRO OESTE,NORTE,"41420,720"
09/2022,NORTE,NORTE,"12359,744"
09/2022,CENTRO OESTE,SUDESTE,"64531,249"
09/2022,NORDESTE,SUDESTE,"1228,445"
09/2022,SUDESTE,SUDESTE,"37038,014"
09/2022,SUL,SUDESTE,"96899,676"
09/2022,CENTRO OESTE,SUL,"1632,697"
09/2022,SUL,SUL,"122424,987"
10/2022,CENTRO OESTE,CENTRO OESTE,"86187,965"
10/2022,NORDESTE,CENTRO OESTE,"109,132"
10/2022,SUDESTE,CENTRO OESTE,"283,820"
10/2022,SUL,CENTRO OESTE,"970,719"
10/2022,SUL,NÃO INFORMADA,"3,102"
10/2022,CENTRO OESTE,NORDESTE,"17809,824"
10/2022,NORDESTE,NORDESTE,"49444,205"
10/2022,NORTE,NORDESTE,"9171,463"
10/2022,SUDESTE,NORDESTE,"1363,882"
10/2022,SUL,NORDESTE,"1500,000"
10/2022,CENTRO OESTE,NORTE,"37919,852"
10/2022,NORTE,NORTE,"13123,477"
10/2022,CENTRO OESTE,SUDESTE,"73759,658"
10/2022,NORDESTE,SUDESTE,"524,653"
10/2022,SUDESTE,SUDESTE,"33649,813"
10/2022,SUL,SUDESTE,"94202,726"
10/2022,CENTRO OESTE,SUL,"87,470"
10/2022,SUL,SUL,"120578,908"
11/2022,CENTRO OESTE,CENTRO OESTE,"72606,694"
11/2022,SUL,CENTRO OESTE,"837,105"
11/2022,CENTRO OESTE,NORDESTE,"27392,796"
11/2022,NORDESTE,NORDESTE,"54101,630"
11/2022,NORTE,NORDESTE,"2174,106"
11/2022,SUDESTE,NORDESTE,"1824,797"
11/2022,SUL,NORDESTE,"1770,000"
11/2022,CENTRO OESTE,NORTE,"39520,369"
11/2022,NORTE,NORTE,"12362,814"
11/2022,CENTRO OESTE,SUDESTE,"67697,610"
11/2022,SUDESTE,SUDESTE,"35940,148"
11/2022,SUL,SUDESTE,"93864,917"
11/2022,CENTRO OESTE,SUL,"219,648"
11/2022,SUDESTE,SUL,"549,955"
11/2022,SUL,SUL,"127607,181"
12/2022,CENTRO OESTE,CENTRO OESTE,"65676,112"
12/2022,NORTE,CENTRO OESTE,"42,725"
12/2022,SUL,CENTRO OESTE,"462,086"
12/2022,CENTRO OESTE,NORDESTE,"23094,430"
12/2022,NORDESTE,NORDESTE,"55108,749"
12/2022,NORTE,NORDESTE,"2765,071"
12/2022,SUDESTE,NORDESTE,"2765,570"
12/2022,SUL,NORDESTE,"130,000"
12/2022,CENTRO OESTE,NORTE,"40036,691"
12/2022,NORTE,NORTE,"10639,551"
12/2022,SUL,NORTE,"85,665"
12/2022,CENTRO OESTE,SUDESTE,"53920,057"
12/2022,SUDESTE,SUDESTE,"30251,804"
12/2022,SUL,SUDESTE,"76980,169"
12/2022,CENTRO OESTE,SUL,"41,651"
12/2022,SUDESTE,SUL,"826,218"
12/2022,SUL,SUL,"118168,714"
01/2023,CENTRO OESTE,CENTRO OESTE,"59639,076"
01/2023,SUL,CENTRO OESTE,"1432,856"
01/2023,SUL,NÃO INFORMADA,"2,965"
01/2023,CENTRO OESTE,NORDESTE,"21549,567"
01/2023,NORDESTE,NORDESTE,"52996,668"
01/2023,NORTE,NORDESTE,"2870,421"
01/2023,SUDESTE,NORDESTE,"828,090"
01/2023,SUL,NORDESTE,"950,000"
01/2023,CENTRO OESTE,NORTE,"35623,642"
01/2023,NORTE,NORTE,"11884,853"
01/2023,CENTRO OESTE,SUDESTE,"59595,621"
01/2023,NORDESTE,SUDESTE,"642,802"
01/2023,SUDESTE,SUDESTE,"29365,734"
01/2023,SUL,SUDESTE,"82091,381"
01/2023,CENTRO OESTE,SUL,"228,633"
01/2023,SUDESTE,SUL,"169,987"
01/2023,SUL,SUL,"101724,284"
02/2023,CENTRO OESTE,CENTRO OESTE,"75107,254"
02/2023,SUL,CENTRO OESTE,"778,182"
02/2023,CENTRO OESTE,NORDESTE,"18831,824"
02/2023,NORDESTE,NORDESTE,"47634,216"
02/2023,NORTE,NORDESTE,"2443,416"
02/2023,SUDESTE,NORDESTE,"652,557"
02/2023,SUL,NORDESTE,"240,087"
02/2023,CENTRO OESTE,NORTE,"33011,495"
02/2023,NORTE,NORTE,"11171,075"
02/2023,CENTRO OESTE,SUDESTE,"60571,857"
02/2023,NORDESTE,SUDESTE,"174,514"
02/2023,SUDESTE,SUDESTE,"33328,771"
02/2023,SUL,SUDESTE,"73105,813"
02/2023,CENTRO OESTE,SUL,"155,357"
02/2023,SUL,SUL,"106747,918"
03/2023,CENTRO OESTE,CENTRO OESTE,"83317,451"
03/2023,NORDESTE,CENTRO OESTE,"1118,272"
03/2023,SUL,CENTRO OESTE,"2158,444"
03/2023,SUDESTE,NÃO INFORMADA,"46,451"
03/2023,SUL,NÃO INFORMADA,"55,588"
03/2023,CENTRO OESTE,NORDESTE,"29558,226"
03/2023,NORDESTE,NORDESTE,"48028,170"
03/2023,NORTE,NORDESTE,"8399,729"
03/2023,SUDESTE,NORDESTE,"386,113"
03/2023,SUL,NORDESTE,"1904,267"
03/2023,CENTRO OESTE,NORTE,"32714,685"
03/2023,NORTE,NORTE,"16761,287"
03/2023,CENTRO OESTE,SUDESTE,"77397,875"
03/2023,NORDESTE,SUDESTE,"260,525"
03/2023,SUDESTE,SUDESTE,"32541,923"
03/2023,SUL,SUDESTE,"100721,939"
03/2023,CENTRO OESTE,SUL,"599,662"
03/2023,SUDESTE,SUL,"510,498"
03/2023,SUL,SUL,"135764,988"
04/2023,CENTRO OESTE,CENTRO OESTE,"74262,040"
04/2023,NORDESTE,CENTRO OESTE,"456,528"
04/2023,SUL,CENTRO OESTE,"2514,263"
04/2023,CENTRO OESTE,NORDESTE,"28334,495"
04/2023,NORDESTE,NORDESTE,"47125,515"
04/2023,NORTE,NORDESTE,"10435,709"
04/2023,SUDESTE,NORDESTE,"3611,231"
04/2023,CENTRO OESTE,NORTE,"38473,634"
04/2023,NORTE,NORTE,"16164,560"
04/2023,CENTRO OESTE,SUDESTE,"78535,213"
04/2023,SUDESTE,SUDESTE,"35342,739"
04/2023,SUL,SUDESTE,"105623,068"
04/2023,CENTRO OESTE,SUL,"1355,714"
04/2023,SUDESTE,SUL,"205,788"
04/2023,SUL,SUL,"132362,784"
05/2023,CENTRO OESTE,CENTRO OESTE,"84891,735"
05/2023,SUL,CENTRO OESTE,"1724,848"
05/2023,SUL,NÃO INFORMADA,"0,200"
05/2023,CENTRO OESTE,NORDESTE,"38061,646"
05/2023,NORDESTE,NORDESTE,"49389,204"
05/2023,NORTE,NORDESTE,"8438,938"
05/2023,SUDESTE,NORDESTE,"1668,731"
05/2023,CENTRO OESTE,NORTE,"42719,025"
05/2023,NORTE,NORTE,"16394,865"
05/2023,SUL,NORTE,"268,486"
05/2023,CENTRO OESTE,SUDESTE,"101336,729"
05/2023,NORDESTE,SUDESTE,"934,575"
05/2023,SUDESTE,SUDESTE,"26922,116"
05/2023,SUL,SUDESTE,"117349,017"
05/2023,CENTRO OESTE,SUL,"1237,032"
05/2023,SUDESTE,SUL,"94,721"
05/2023,SUL,SUL,"131080,121"
06/2023,CENTRO OESTE,CENTRO OESTE,"88793,006"
06/2023,NORDESTE,CENTRO OESTE,"383,304"
06/2023,SUDESTE,CENTRO OESTE,"0,200"
06/2023,SUL,CENTRO OESTE,"4403,248"
06/2023,SUL,NÃO INFORMADA,"0,200"
06/2023,CENTRO OESTE,NORDESTE,"46334,170"
06/2023,NORDESTE,NORDESTE,"42841,364"
06/2023,NORTE,NORDESTE,"11336,966"
06/2023,SUDESTE,NORDESTE,"1685,897"
06/2023,CENTRO OESTE,NORTE,"44157,820"
06/2023,NORDESTE,NORTE,"1185,589"
06/2023,NORTE,NORTE,"14291,798"
06/2023,CENTRO OESTE,SUDESTE,"95726,344"
06/2023,NORDESTE,SUDESTE,"1004,907"
06/2023,NORTE,SUDESTE,"175,977"
06/2023,SUDESTE,SUDESTE,"30195,536"
06/2023,SUL,SUDESTE,"120728,221"
06/2023,CENTRO OESTE,SUL,"1256,463"
06/2023,SUDESTE,SUL,"149,242"
06/2023,SUL,SUL,"139431,537"
07/2023,CENTRO OESTE,CENTRO OESTE,"97253,452"
07/2023,SUL,CENTRO OESTE,"1664,470"
07/2023,SUL,NÃO INFORMADA,"0,200"
07/2023,CENTRO OESTE,NORDESTE,"41562,006"
07/2023,NORDESTE,NORDESTE,"49512,541"
07/2023,NORTE,NORDESTE,"11821,662"
07/2023,SUDESTE,NORDESTE,"2260,999"
07/2023,CENTRO OESTE,NORTE,"50047,126"
07/2023,NORDESTE,NORTE,"197,211"
07/2023,NORTE,NORTE,"20170,075"
07/2023,CENTRO OESTE,SUDESTE,"96267,044"
07/2023,NORDESTE,SUDESTE,"750,352"
07/2023,SUDESTE,SUDESTE,"36446,166"
07/2023,SUL,SUDESTE,"122612,239"
07/2023,CENTRO OESTE,SUL,"1409,619"
07/2023,SUDESTE,SUL,"99,465"
07/2023,SUL,SUL,"150934,842"
08/2023,CENTRO OESTE,CENTRO OESTE,"109264,088"
08/2023,SUDESTE,CENTRO OESTE,"171,179"
08/2023,SUL,CENTRO OESTE,"2355,376"
08/2023,SUL,NÃO INFORMADA,"0,200"
08/2023,CENTRO OESTE,NORDESTE,"44266,313"
08/2023,NORDESTE,NORDESTE,"58765,858"
08/2023,NORTE,NORDESTE,"13668,541"
08/2023,SUDESTE,NORDESTE,"1662,243"
08/2023,CENTRO OESTE,NORTE,"51321,370"
08/2023,NORTE,NORTE,"16718,203"
08/2023,CENTRO OESTE,SUDESTE,"93817,507"
08/2023,NORDESTE,SUDESTE,"1553,961"
08/2023,SUDESTE,SUDESTE,"39090,081"
08/2023,SUL,SUDESTE,"140525,064"
08/2023,CENTRO OESTE,SUL,"2207,742"
08/2023,SUDESTE,SUL,"49,810"
08/2023,SUL,SUL,"149576,691"
09/2023,CENTRO OESTE,CENTRO OESTE,"100820,337"
09/2023,NORDESTE,CENTRO OESTE,"40,627"
09/2023,SUDESTE,CENTRO OESTE,"170,228"
09/2023,SUL,CENTRO OESTE,"510,243"
09/2023,SUL,NÃO INFORMADA,"3,200"
09/2023,CENTRO OESTE,NORDESTE,"37821,877"
09/2023,NORDESTE,NORDESTE,"52807,143"
09/2023,NORTE,NORDESTE,"8735,753"
09/2023,SUDESTE,NORDESTE,"1209,422"
09/2023,CENTRO OESTE,NORTE,"45763,906"
09/2023,NORTE,NORTE,"15775,798"
09/2023,CENTRO OESTE,SUDESTE,"93006,964"
09/2023,NORDESTE,SUDESTE,"494,040"
09/2023,SUDESTE,SUDESTE,"33039,267"
09/2023,SUL,SUDESTE,"125676,796"
09/2023,CENTRO OESTE,SUL,"1643,536"
09/2023,SUL,SUL,"134699,259"
10/2023,CENTRO OESTE,CENTRO OESTE,"104110,548"
10/2023,SUDESTE,CENTRO OESTE,"43,281"
10/2023,SUL,CENTRO OESTE,"1476,899"
10/2023,CENTRO OESTE,NORDESTE,"41751,790"
10/2023,NORDESTE,NORDESTE,"53051,729"
10/2023,NORTE,NORDESTE,"8404,553"
10/2023,SUDESTE,NORDESTE,"1274,828"
10/2023,CENTRO OESTE,NORTE,"48545,569"
10/2023,NORDESTE,NORTE,"279,161"
10/2023,NORTE,NORTE,"17130,416"
10/2023,CENTRO OESTE,SUDESTE,"92424,935"
10/2023,NORDESTE,SUDESTE,"453,079"
10/2023,SUDESTE,SUDESTE,"39880,803"
10/2023,SUL,SUDESTE,"127025,574"
10/2023,CENTRO OESTE,SUL,"832,283"
10/2023,SUL,SUL,"155245,440"
11/2023,CENTRO OESTE,CENTRO OESTE,"91395,407"
11/2023,SUL,CENTRO OESTE,"925,090"
11/2023,SUL,NÃO INFORMADA,"0,200"
11/2023,CENTRO OESTE,NORDESTE,"38495,751"
11/2023,NORDESTE,NORDESTE,"59025,186"
11/2023,NORTE,NORDESTE,"11607,947"
11/2023,SUDESTE,NORDESTE,"2328,344"
11/2023,CENTRO OESTE,NORTE,"43908,340"
11/2023,NORDESTE,NORTE,"392,906"
11/2023,NORTE,NORTE,"16478,846"
11/2023,CENTRO OESTE,SUDESTE,"87756,822"
11/2023,NORDESTE,SUDESTE,"42,673"
11/2023,SUDESTE,SUDESTE,"43203,475"
11/2023,SUL,SUDESTE,"118728,380"
11/2023,CENTRO OESTE,SUL,"1209,396"
11/2023,SUL,SUL,"151254,431"
12/2023,CENTRO OESTE,CENTRO OESTE,"89858,068"
12/2023,SUL,CENTRO OESTE,"467,580"
12/2023,CENTRO OESTE,NÃO INFORMADA,"9,925"
12/2023,SUL,NÃO INFORMADA,"1,267"
12/2023,CENTRO OESTE,NORDESTE,"39241,489"
12/2023,NORDESTE,NORDESTE,"51534,449"
12/2023,NORTE,NORDESTE,"4729,869"
12/2023,SUDESTE,NORDESTE,"3442,941"
12/2023,CENTRO OESTE,NORTE,"48660,006"
12/2023,NORDESTE,NORTE,"1110,356"
12/2023,NORTE,NORTE,"12969,725"
12/2023,CENTRO OESTE,SUDESTE,"85187,330"
12/2023,SUDESTE,SUDESTE,"42080,277"
12/2023,SUL,SUDESTE,"114646,703"
12/2023,CENTRO OESTE,SUL,"1273,139"
12/2023,SUL,SUL,"150103,785"
01/2024,CENTRO OESTE,CENTRO OESTE,"89839,327"
01/2024,SUDESTE,CENTRO OESTE,"9,894"
01/2024,SUL,CENTRO OESTE,"1430,887"
01/2024,SUL,NÃO INFORMADA,"3,146"
01/2024,CENTRO OESTE,NORDESTE,"35333,373"
01/2024,NORDESTE,NORDESTE,"55621,175"
01/2024,NORTE,NORDESTE,"4840,977"
01/2024,SUDESTE,NORDESTE,"3430,304"
01/2024,CENTRO OESTE,NORTE,"42385,647"
01/2024,NORDESTE,NORTE,"280,227"
01/2024,NORTE,NORTE,"17493,008"
01/2024,CENTRO OESTE,SUDESTE,"59670,267"
01/2024,SUDESTE,SUDESTE,"39191,921"
01/2024,SUL,SUDESTE,"111803,527"
01/2024,CENTRO OESTE,SUL,"1156,504"
01/2024,SUL,SUL,"148070,292"
02/2024,CENTRO OESTE,CENTRO OESTE,"130756,706"
02/2024,SUL,CENTRO OESTE,"4515,021"
02/2024,CENTRO OESTE,NÃO INFORMADA,"9,932"
02/2024,SUL,NÃO INFORMADA,"2,336"
02/2024,CENTRO OESTE,NORDESTE,"73237,376"
02/2024,NORDESTE,NORDESTE,"43875,976"
02/2024,NORTE,NORDESTE,"5178,294"
02/2024,SUDESTE,NORDESTE,"3193,570"
02/2024,CENTRO OESTE,NORTE,"47047,555"
02/2024,NORDESTE,NORTE,"279,578"
02/2024,NORTE,NORTE,"16939,685"
02/2024,CENTRO OESTE,SUDESTE,"74489,481"
02/2024,SUDESTE,SUDESTE,"38774,101"
02/2024,SUL,SUDESTE,"116738,596"
02/2024,CENTRO OESTE,SUL,"972,885"
02/2024,SUL,SUL,"143700,726"
